classe,group,rank,image,patient_id,Pneumonia,score_Pneumonia,Atelectasis,score_Atelectasis,Effusion,score_Effusion
Pneumonia,tp,1,00000915_005.png,915,1.0,0.242358,,,,
Pneumonia,tp,2,00021294_005.png,21294,1.0,0.216621,,,,
Pneumonia,tp,3,00004342_054.png,4342,1.0,0.193363,,,,
Pneumonia,fp,1,00003570_004.png,3570,0.0,0.413461,,,,
Pneumonia,fp,2,00004342_047.png,4342,0.0,0.285255,,,,
Pneumonia,fp,3,00022237_003.png,22237,0.0,0.260756,,,,
Pneumonia,fn,1,00013499_002.png,13499,1.0,0.000559733,,,,
Pneumonia,fn,2,00006580_000.png,6580,1.0,0.000906658,,,,
Pneumonia,fn,3,00007787_001.png,7787,1.0,0.00128114,,,,
Atelectasis,tp,1,00027330_002.png,27330,,,1.0,0.983542,,
Atelectasis,tp,2,00011868_000.png,11868,,,1.0,0.953744,,
Atelectasis,tp,3,00014140_010.png,14140,,,1.0,0.93554,,
Atelectasis,fp,1,00018797_000.png,18797,,,0.0,0.914789,,
Atelectasis,fp,2,00025514_002.png,25514,,,0.0,0.89593,,
Atelectasis,fp,3,00005647_001.png,5647,,,0.0,0.862032,,
Atelectasis,fn,1,00003585_000.png,3585,,,1.0,0.0015313,,
Atelectasis,fn,2,00000727_000.png,727,,,1.0,0.00154046,,
Atelectasis,fn,3,00018182_015.png,18182,,,1.0,0.00202434,,
Effusion,tp,1,00026027_002.png,26027,,,,,1.0,0.954855
Effusion,tp,2,00007339_001.png,7339,,,,,1.0,0.948602
Effusion,tp,3,00019330_000.png,19330,,,,,1.0,0.947625
Effusion,fp,1,00010772_014.png,10772,,,,,0.0,0.942363
Effusion,fp,2,00028844_007.png,28844,,,,,0.0,0.932518
Effusion,fp,3,00026098_006.png,26098,,,,,0.0,0.930353
Effusion,fn,1,00019192_001.png,19192,,,,,1.0,0.00137789
Effusion,fn,2,00014760_004.png,14760,,,,,1.0,0.0014746
Effusion,fn,3,00005722_019.png,5722,,,,,1.0,0.00289909
