image,class,layer,x,y,w,h,hit
00000181_061.png,Atelectasis,denseblock4,45.91525423728819,124.40621637893946,46.745762711864344,55.76271186440675,False
00000181_061.png,Atelectasis,relu,45.91525423728819,124.40621637893946,46.745762711864344,55.76271186440675,False
00003440_000.png,Atelectasis,denseblock4,47.64444444444453,55.70370370370378,27.022222222222283,17.540740740740745,False
00003440_000.png,Atelectasis,relu,47.64444444444453,55.70370370370378,27.022222222222283,17.540740740740745,False
00003787_003.png,Atelectasis,denseblock4,63.237288135593246,102.81299603995635,36.779661016949156,26.101694915254217,False
00003787_003.png,Atelectasis,relu,63.237288135593246,102.81299603995635,36.779661016949156,26.101694915254217,False
00013508_001.png,Atelectasis,denseblock4,70.87407407407403,129.6592592592592,38.874074074074095,19.911111111111104,False
00013508_001.png,Atelectasis,relu,70.87407407407403,129.6592592592592,38.874074074074095,19.911111111111104,False
00014198_000.png,Atelectasis,denseblock4,147.9491525423728,112.06723332809179,21.59322033898306,42.23728813559325,False
00014198_000.png,Atelectasis,relu,147.9491525423728,112.06723332809179,21.59322033898306,42.23728813559325,False
00014447_004.png,Atelectasis,denseblock4,46.45925925925922,92.20740740740747,35.7925925925925,21.096296296296288,False
00014447_004.png,Atelectasis,relu,46.45925925925922,92.20740740740747,35.7925925925925,21.096296296296288,False
00014870_004.png,Atelectasis,denseblock4,25.362962962963064,133.92592592592587,48.59259259259257,20.622222222222227,True
00014870_004.png,Atelectasis,relu,25.362962962963064,133.92592592592587,48.59259259259257,20.622222222222227,True
00016403_003.png,Atelectasis,denseblock4,195.16949152542384,191.83954633292507,24.20338983050844,14.474576271186432,False
00016403_003.png,Atelectasis,relu,195.16949152542384,191.83954633292507,24.20338983050844,14.474576271186432,False
00016972_019.png,Atelectasis,denseblock4,112.59322033898313,138.88079265012576,65.25423728813566,50.06779661016941,True
00016972_019.png,Atelectasis,relu,112.59322033898313,138.88079265012576,65.25423728813566,50.06779661016941,True
00017151_003.png,Atelectasis,denseblock4,136.5593220338983,106.9576271186441,46.745762711864344,43.42372881355928,True
00017151_003.png,Atelectasis,relu,136.5593220338983,106.9576271186441,46.745762711864344,43.42372881355928,True
00017582_003.png,Atelectasis,denseblock4,56.17777777777769,88.17777777777783,43.614814814814906,31.28888888888897,False
00017582_003.png,Atelectasis,relu,56.17777777777769,88.17777777777783,43.614814814814906,31.28888888888897,False
00019154_002.png,Atelectasis,denseblock4,64.23703703703694,27.496296296296403,28.681481481481498,47.40740740740747,False
00019154_002.png,Atelectasis,relu,64.23703703703694,27.496296296296403,28.681481481481498,47.40740740740747,False
00020124_003.png,Atelectasis,denseblock4,38.29155707465288,126.97481608072908,53.51111111111106,22.648888888888937,False
00020124_003.png,Atelectasis,relu,38.29155707465288,126.97481608072908,53.51111111111106,22.648888888888937,False
00021007_000.png,Atelectasis,denseblock4,75.33898305084747,102.5757079043631,23.016949152542406,22.305084745762656,False
00021007_000.png,Atelectasis,relu,75.33898305084747,102.5757079043631,23.016949152542406,22.305084745762656,False
00021024_022.png,Atelectasis,denseblock4,157.39259259259268,114.25185185185188,35.55555555555566,41.71851851851862,False
00021024_022.png,Atelectasis,relu,157.39259259259268,114.25185185185188,35.55555555555566,41.71851851851862,False
00021481_014.png,Atelectasis,denseblock4,130.15254237288144,87.6265553619901,22.067796610169406,34.88135593220338,False
00021481_014.png,Atelectasis,relu,130.15254237288144,87.6265553619901,22.067796610169406,34.88135593220338,False
00021495_005.png,Atelectasis,denseblock4,118.52542372881351,140.0672333280918,65.4915254237289,58.135593220339025,True
00021495_005.png,Atelectasis,relu,118.52542372881351,140.0672333280918,65.4915254237289,58.135593220339025,False
00021703_001.png,Atelectasis,denseblock4,29.829334852430534,109.55259385850698,134.8977777777779,46.54222222222212,True
00021703_001.png,Atelectasis,relu,29.829334852430534,109.55259385850698,134.8977777777779,46.54222222222212,True
00025368_014.png,Atelectasis,denseblock4,64.42372881355928,149.79208942995237,25.627118644067718,18.50847457627118,False
00025368_014.png,Atelectasis,relu,64.42372881355928,149.79208942995237,25.627118644067718,18.50847457627118,False
00028452_001.png,Atelectasis,denseblock4,137.74576271186436,89.76214858232912,56.0,32.50847457627109,False
00028452_001.png,Atelectasis,relu,137.74576271186436,89.76214858232912,56.0,32.50847457627109,False
00029940_007.png,Atelectasis,denseblock4,46.45925925925922,83.6740740740741,31.525925925926032,40.059259259259186,False
00029940_007.png,Atelectasis,relu,46.45925925925922,83.6740740740741,31.525925925926032,40.059259259259186,False
00030635_001.png,Atelectasis,denseblock4,126.11864406779662,107.32147061622743,52.677966101694935,48.64406779661013,True
00030635_001.png,Atelectasis,relu,126.11864406779662,107.32147061622743,52.677966101694935,48.64406779661013,True
00000398_003.png,Cardiomegaly,denseblock4,80.82962962962955,85.09629629629625,105.95555555555556,82.25185185185194,True
00000398_003.png,Cardiomegaly,relu,80.82962962962955,85.09629629629625,105.95555555555556,82.25185185185194,True
00001369_000.png,Cardiomegaly,denseblock4,73.71851851851856,60.44444444444438,121.12592592592603,84.62222222222212,True
00001369_000.png,Cardiomegaly,relu,73.71851851851856,60.44444444444438,121.12592592592603,84.62222222222212,True
00002059_008.png,Cardiomegaly,denseblock4,82.01481481481488,101.92592592592594,121.36296296296287,79.64444444444447,True
00002059_008.png,Cardiomegaly,relu,82.01481481481488,101.92592592592594,121.36296296296287,79.64444444444447,True
00004342_002.png,Cardiomegaly,denseblock4,43.85185185185175,106.66666666666674,104.53333333333342,104.77037037037047,True
00004342_002.png,Cardiomegaly,relu,43.85185185185175,106.66666666666674,104.53333333333342,104.77037037037047,True
00004342_020.png,Cardiomegaly,denseblock4,69.21481481481482,84.62222222222212,103.82222222222221,94.34074074074081,True
00004342_020.png,Cardiomegaly,relu,69.21481481481482,84.62222222222212,103.82222222222221,94.34074074074081,True
00004342_023.png,Cardiomegaly,denseblock4,74.90370370370366,95.28888888888885,99.55555555555553,82.72592592592584,True
00004342_023.png,Cardiomegaly,relu,74.90370370370366,95.28888888888885,99.55555555555553,82.72592592592584,True
00004344_013.png,Cardiomegaly,denseblock4,76.56296296296287,75.8518518518519,114.96296296296308,92.44444444444453,True
00004344_013.png,Cardiomegaly,relu,76.56296296296287,75.8518518518519,114.96296296296308,92.44444444444453,True
00004344_014.png,Cardiomegaly,denseblock4,72.05925925925935,68.26666666666678,102.16296296296301,98.60740740740749,True
00004344_014.png,Cardiomegaly,relu,72.05925925925935,68.26666666666678,102.16296296296301,98.60740740740749,True
00004344_018.png,Cardiomegaly,denseblock4,85.57037037037037,86.0444444444445,110.45925925925931,94.10370370370376,True
00004344_018.png,Cardiomegaly,relu,85.57037037037037,86.0444444444445,110.45925925925931,94.10370370370376,True
00004344_022.png,Cardiomegaly,denseblock4,82.25185185185194,111.17037037037028,101.92592592592594,82.01481481481488,True
00004344_022.png,Cardiomegaly,relu,82.25185185185194,111.17037037037028,101.92592592592594,82.01481481481488,True
00004344_046.png,Cardiomegaly,denseblock4,80.5925925925925,72.7703703703703,105.00740740740731,81.77777777777781,True
00004344_046.png,Cardiomegaly,relu,80.5925925925925,72.7703703703703,105.00740740740731,81.77777777777781,True
00004461_000.png,Cardiomegaly,denseblock4,72.01694915254241,86.07627118644072,90.16949152542362,75.93220338983059,True
00004461_000.png,Cardiomegaly,relu,72.01694915254241,86.07627118644072,90.16949152542362,75.93220338983059,True
00004533_014.png,Cardiomegaly,denseblock4,98.60740740740749,67.08148148148146,98.13333333333337,85.80740740740744,True
00004533_014.png,Cardiomegaly,relu,98.60740740740749,67.08148148148146,98.13333333333337,85.80740740740744,True
00004630_001.png,Cardiomegaly,denseblock4,62.288135593220254,96.0423728813559,112.0,75.22033898305085,True
00004630_001.png,Cardiomegaly,relu,62.288135593220254,96.0423728813559,112.0,75.22033898305085,True
00007735_040.png,Cardiomegaly,denseblock4,87.46666666666665,104.53333333333342,118.51851851851856,97.89629629629631,True
00007735_040.png,Cardiomegaly,relu,87.46666666666665,104.53333333333342,118.51851851851856,97.89629629629631,True
00008399_007.png,Cardiomegaly,denseblock4,79.4074074074074,82.9629629629629,119.70370370370367,81.30370370370369,True
00008399_007.png,Cardiomegaly,relu,79.4074074074074,82.9629629629629,119.70370370370367,81.30370370370369,True
00012686_003.png,Cardiomegaly,denseblock4,71.1111111111111,89.83703703703706,117.33333333333324,88.17777777777783,True
00012686_003.png,Cardiomegaly,relu,71.1111111111111,89.83703703703706,117.33333333333324,88.17777777777783,False
00017511_006.png,Cardiomegaly,denseblock4,74.15254237288144,92.72033898305085,86.84745762711856,73.0847457627118,True
00017511_006.png,Cardiomegaly,relu,74.15254237288144,92.72033898305085,86.84745762711856,73.0847457627118,True
00017524_028.png,Cardiomegaly,denseblock4,54.992592592592594,95.28888888888885,108.8000000000001,94.10370370370376,True
00017524_028.png,Cardiomegaly,relu,54.992592592592594,95.28888888888885,108.8000000000001,94.10370370370376,False
00018233_057.png,Cardiomegaly,denseblock4,76.05084745762721,84.4152542372882,89.93220338983059,75.93220338983059,True
00018233_057.png,Cardiomegaly,relu,76.05084745762721,84.4152542372882,89.93220338983059,75.93220338983059,True
00020438_011.png,Cardiomegaly,denseblock4,72.05925925925935,78.93333333333328,106.42962962962969,105.00740740740731,True
00020438_011.png,Cardiomegaly,relu,72.05925925925935,78.93333333333328,106.42962962962969,105.00740740740731,False
00021443_000.png,Cardiomegaly,denseblock4,62.57777777777772,81.54074074074076,119.22962962962974,90.78518518518509,True
00021443_000.png,Cardiomegaly,relu,62.57777777777772,81.54074074074076,119.22962962962974,90.78518518518509,True
00021845_001.png,Cardiomegaly,denseblock4,67.31851851851853,81.77777777777781,84.85925925925919,79.64444444444447,True
00021845_001.png,Cardiomegaly,relu,67.31851851851853,81.77777777777781,84.85925925925919,79.64444444444447,True
00026087_000.png,Cardiomegaly,denseblock4,74.15254237288144,101.26271186440675,91.35593220338987,86.13559322033903,True
00026087_000.png,Cardiomegaly,relu,74.15254237288144,101.26271186440675,91.35593220338987,86.13559322033903,True
00029808_003.png,Cardiomegaly,denseblock4,70.35593220338987,89.76214858232912,97.76271186440675,86.37288135593228,True
00029808_003.png,Cardiomegaly,relu,70.35593220338987,89.76214858232912,97.76271186440675,86.37288135593228,True
00002583_014.png,Effusion,denseblock4,133.2148148148149,86.99259259259253,69.68888888888894,89.12592592592588,True
00002583_014.png,Effusion,relu,133.2148148148149,86.99259259259253,69.68888888888894,89.12592592592588,True
00008841_025.png,Effusion,denseblock4,33.97333333333341,106.3460758463541,57.99111111111106,22.15111111111106,False
00008841_025.png,Effusion,relu,33.97333333333341,106.3460758463541,57.99111111111106,22.15111111111106,True
00010277_000.png,Effusion,denseblock4,188.78222222222212,151.64385362413196,15.928888888888896,24.64,False
00010277_000.png,Effusion,relu,188.78222222222212,151.64385362413196,15.928888888888896,24.64,False
00011269_019.png,Effusion,denseblock4,160.47407407407405,91.4962962962963,47.64444444444453,41.48148148148156,False
00011269_019.png,Effusion,relu,160.47407407407405,91.4962962962963,47.64444444444453,41.48148148148156,False
00012973_005.png,Effusion,denseblock4,26.78518518518522,13.748148148148159,61.155555555555566,166.87407407407406,False
00012973_005.png,Effusion,relu,26.78518518518522,13.748148148148159,61.155555555555566,166.87407407407406,True
00014015_003.png,Effusion,denseblock4,23.022222222222126,89.42163140190962,60.23111111111106,39.07555555555553,True
00014015_003.png,Effusion,relu,23.022222222222126,89.42163140190962,60.23111111111106,39.07555555555553,True
00014447_004.png,Effusion,denseblock4,33.896296296296214,93.86666666666667,20.622222222222227,58.785185185185156,False
00014447_004.png,Effusion,relu,33.896296296296214,93.86666666666667,20.622222222222227,58.785185185185156,False
00016964_011.png,Effusion,denseblock4,159.6622222222221,121.03052029079856,20.16,12.942222222222213,False
00016964_011.png,Effusion,relu,159.6622222222221,121.03052029079856,20.16,12.942222222222213,False
00016972_025.png,Effusion,denseblock4,150.75555555555556,114.72592592592599,26.311111111111092,42.90370370370372,False
00016972_025.png,Effusion,relu,150.75555555555556,114.72592592592599,26.311111111111092,42.90370370370372,False
00017582_003.png,Effusion,denseblock4,23.466666666666562,74.90370370370366,25.125925925926,67.79259259259265,False
00017582_003.png,Effusion,relu,23.466666666666562,74.90370370370366,25.125925925926,67.79259259259265,False
00021703_001.png,Effusion,denseblock4,123.32444444444448,111.82163140190963,45.546666666666596,34.09777777777787,True
00021703_001.png,Effusion,relu,123.32444444444448,111.82163140190963,45.546666666666596,34.09777777777787,True
00025252_040.png,Effusion,denseblock4,131.3185185185186,44.56296296296294,57.362962962962996,91.25925925925921,True
00025252_040.png,Effusion,relu,131.3185185185186,44.56296296296294,57.362962962962996,91.25925925925921,False
00025252_053.png,Effusion,denseblock4,3.1111111111111063,140.19496473524302,73.67111111111106,35.093333333333405,False
00025252_053.png,Effusion,relu,3.1111111111111063,140.19496473524302,73.67111111111106,35.093333333333405,True
00025529_018.png,Effusion,denseblock4,158.57777777777775,36.74074074074075,40.29629629629625,132.0296296296296,False
00025529_018.png,Effusion,relu,158.57777777777775,36.74074074074075,40.29629629629625,132.0296296296296,False
00025787_027.png,Effusion,denseblock4,132.26666666666665,21.80740740740741,82.48888888888901,161.18518518518522,False
00025787_027.png,Effusion,relu,132.26666666666665,21.80740740740741,82.48888888888901,161.18518518518522,False
00027103_001.png,Effusion,denseblock4,147.20000000000007,51.674074074074156,44.56296296296294,59.022222222222226,False
00027103_001.png,Effusion,relu,147.20000000000007,51.674074074074156,44.56296296296294,59.022222222222226,False
00028774_047.png,Effusion,denseblock4,11.614814814814816,106.90370370370381,40.29629629629625,67.55555555555559,False
00028774_047.png,Effusion,relu,11.614814814814816,106.90370370370381,40.29629629629625,67.55555555555559,False
00029579_005.png,Effusion,denseblock4,22.773333333333404,114.80829806857645,5.973333333333341,13.937777777777788,False
00029579_005.png,Effusion,relu,22.773333333333404,114.80829806857645,5.973333333333341,13.937777777777788,False
00029588_004.png,Effusion,denseblock4,9.007407407407412,43.377777777777844,58.07407407407418,123.73333333333329,True
00029588_004.png,Effusion,relu,9.007407407407412,43.377777777777844,58.07407407407418,123.73333333333329,True
00030128_002.png,Effusion,denseblock4,26.78518518518522,90.31111111111119,48.82962962962962,91.9703703703704,True
00030128_002.png,Effusion,relu,26.78518518518522,90.31111111111119,48.82962962962962,91.9703703703704,True
00003149_007.png,Infiltration,denseblock4,118.75555555555563,82.01481481481488,51.43703703703709,66.13333333333344,False
00003149_007.png,Infiltration,relu,118.75555555555563,82.01481481481488,51.43703703703709,66.13333333333344,False
00010277_000.png,Infiltration,denseblock4,138.50666666666658,91.16385362413197,59.48444444444446,48.5333333333334,False
00010277_000.png,Infiltration,relu,138.50666666666658,91.16385362413197,59.48444444444446,48.5333333333334,False
00011023_004.png,Infiltration,denseblock4,65.89629629629638,90.78518518518509,42.90370370370372,54.28148148148141,False
00011023_004.png,Infiltration,relu,65.89629629629638,90.78518518518509,42.90370370370372,54.28148148148141,False
00011269_018.png,Infiltration,denseblock4,126.5777777777778,54.75555555555553,47.64444444444453,62.10370370370359,False
00011269_018.png,Infiltration,relu,126.5777777777778,54.75555555555553,47.64444444444453,62.10370370370359,False
00011925_072.png,Infiltration,denseblock4,59.60888888888894,88.4260758463541,40.81777777777787,79.64444444444447,False
00011925_072.png,Infiltration,relu,59.60888888888894,88.4260758463541,40.81777777777787,79.64444444444447,False
00012021_054.png,Infiltration,denseblock4,127.7629629629629,66.37037037037028,49.066666666666684,102.40000000000006,False
00012021_054.png,Infiltration,relu,127.7629629629629,66.37037037037028,49.066666666666684,102.40000000000006,False
00012021_081.png,Infiltration,denseblock4,143.48444444444448,96.88829806857645,42.062222222222125,43.306666666666594,False
00012021_081.png,Infiltration,relu,143.48444444444448,96.88829806857645,42.062222222222125,43.306666666666594,False
00016786_001.png,Infiltration,denseblock4,123.49629629629622,43.614814814814906,49.066666666666684,107.37777777777772,False
00016786_001.png,Infiltration,relu,123.49629629629622,43.614814814814906,49.066666666666684,107.37777777777772,False
00016786_009.png,Infiltration,denseblock4,108.0888888888889,104.05925925925928,53.8074074074075,58.07407407407418,False
00016786_009.png,Infiltration,relu,108.0888888888889,104.05925925925928,53.8074074074075,58.07407407407418,False
00017083_002.png,Infiltration,denseblock4,34.60740740740741,75.61481481481484,42.429629629629595,48.82962962962962,False
00017083_002.png,Infiltration,relu,34.60740740740741,75.61481481481484,42.429629629629595,48.82962962962962,False
00017972_032.png,Infiltration,denseblock4,40.77037037037038,57.12592592592594,54.75555555555553,94.57777777777788,False
00017972_032.png,Infiltration,relu,40.77037037037038,57.12592592592594,54.75555555555553,94.57777777777788,False
00017981_014.png,Infiltration,denseblock4,55.70370370370378,68.26666666666678,42.66666666666666,30.577777777777783,False
00017981_014.png,Infiltration,relu,55.70370370370378,68.26666666666678,42.66666666666666,30.577777777777783,False
00019634_004.png,Infiltration,denseblock4,152.65185185185186,136.53333333333336,47.17037037037041,56.651851851851816,False
00019634_004.png,Infiltration,relu,152.65185185185186,136.53333333333336,47.17037037037041,56.651851851851816,False
00021703_001.png,Infiltration,denseblock4,24.76444444444447,144.17718695746538,34.59555555555553,12.195555555555554,False
00021703_001.png,Infiltration,relu,24.76444444444447,144.17718695746538,34.59555555555553,12.195555555555554,False
00025787_027.png,Infiltration,denseblock4,47.88148148148159,63.52592592592597,48.355555555555505,98.60740740740749,True
00025787_027.png,Infiltration,relu,47.88148148148159,63.52592592592597,48.355555555555505,98.60740740740749,True
00026098_003.png,Infiltration,denseblock4,32.94814814814819,137.71851851851844,49.54074074074081,46.45925925925922,True
00026098_003.png,Infiltration,relu,32.94814814814819,137.71851851851844,49.54074074074081,46.45925925925922,True
00029861_013.png,Infiltration,denseblock4,42.43555555555553,40.639409179687505,133.15555555555554,109.75999999999999,True
00029861_013.png,Infiltration,relu,42.43555555555553,40.639409179687505,133.15555555555554,109.75999999999999,True
00003440_000.png,Mass,denseblock4,129.42222222222233,100.02962962962965,25.125925925926,24.888888888888935,False
00003440_000.png,Mass,relu,129.42222222222233,100.02962962962965,25.125925925926,24.888888888888935,False
00006821_002.png,Mass,denseblock4,26.506666666666597,18.737186957465287,83.37777777777788,147.59111111111105,False
00006821_002.png,Mass,relu,26.506666666666597,18.737186957465287,83.37777777777788,147.59111111111105,False
00010277_000.png,Mass,denseblock4,65.08444444444447,68.01718695746538,118.22222222222213,60.72888888888893,True
00010277_000.png,Mass,relu,65.08444444444447,68.01718695746538,118.22222222222213,60.72888888888893,True
00011269_019.png,Mass,denseblock4,125.15555555555565,58.31111111111103,28.681481481481498,31.28888888888897,False
00011269_019.png,Mass,relu,125.15555555555565,58.31111111111103,28.681481481481498,31.28888888888897,False
00011925_072.png,Mass,denseblock4,82.50666666666659,55.572742513020906,35.34222222222213,88.60444444444447,False
00011925_072.png,Mass,relu,82.50666666666659,55.572742513020906,35.34222222222213,88.60444444444447,False
00011925_076.png,Mass,denseblock4,27.022222222222283,23.22962962962972,64.71111111111107,82.01481481481488,False
00011925_076.png,Mass,relu,27.022222222222283,23.22962962962972,64.71111111111107,82.01481481481488,False
00011925_077.png,Mass,denseblock4,61.39259259259262,42.90370370370372,65.89629629629638,103.11111111111103,True
00011925_077.png,Mass,relu,61.39259259259262,42.90370370370372,65.89629629629638,103.11111111111103,True
00013508_001.png,Mass,denseblock4,62.57777777777772,113.06666666666656,19.674074074074085,20.38518518518519,False
00013508_001.png,Mass,relu,62.57777777777772,113.06666666666656,19.674074074074085,20.38518518518519,False
00016568_010.png,Mass,denseblock4,150.99259259259264,87.70370370370372,23.703703703703624,27.022222222222283,False
00016568_010.png,Mass,relu,150.99259259259264,87.70370370370372,23.703703703703624,27.022222222222283,False
00017670_005.png,Mass,denseblock4,80.5925925925925,129.18518518518528,26.311111111111092,32.47407407407406,False
00017670_005.png,Mass,relu,80.5925925925925,129.18518518518528,26.311111111111092,32.47407407407406,False
00019499_000.png,Mass,denseblock4,158.3407407407407,68.26666666666678,24.41481481481481,21.33333333333333,False
00019499_000.png,Mass,relu,158.3407407407407,68.26666666666678,24.41481481481481,21.33333333333333,False
00020124_003.png,Mass,denseblock4,79.02222222222213,62.29274251302091,23.395555555555532,29.617777777777874,False
00020124_003.png,Mass,relu,79.02222222222213,62.29274251302091,23.395555555555532,29.617777777777874,False
00021420_020.png,Mass,denseblock4,36.503703703703685,150.99259259259264,20.148148148148145,19.911111111111104,False
00021420_020.png,Mass,relu,36.503703703703685,150.99259259259264,20.148148148148145,19.911111111111104,False
00021420_027.png,Mass,denseblock4,42.19259259259253,123.73333333333329,23.22962962962972,18.962962962962965,False
00021420_027.png,Mass,relu,42.19259259259253,123.73333333333329,23.22962962962972,18.962962962962965,False
00022237_002.png,Mass,denseblock4,59.022222222222226,103.34814814814808,27.73333333333325,22.28148148148147,False
00022237_002.png,Mass,relu,59.022222222222226,103.34814814814808,27.73333333333325,22.28148148148147,False
00025529_018.png,Mass,denseblock4,153.83703703703694,85.09629629629625,24.177777777777752,28.207407407407374,False
00025529_018.png,Mass,relu,153.83703703703694,85.09629629629625,24.177777777777752,28.207407407407374,False
00029579_005.png,Mass,denseblock4,133.28,41.38607584635409,16.177777777777766,15.680000000000001,False
00029579_005.png,Mass,relu,133.28,41.38607584635409,16.177777777777766,15.680000000000001,False
00002578_000.png,Nodule,denseblock4,174.22222222222211,71.58518518518522,17.066666666666663,13.037037037037038,False
00002578_000.png,Nodule,relu,174.22222222222211,71.58518518518522,17.066666666666663,13.037037037037038,False
00008386_000.png,Nodule,denseblock4,155.73333333333343,78.22222222222231,12.799999999999997,10.429629629629634,False
00008386_000.png,Nodule,relu,155.73333333333343,78.22222222222231,12.799999999999997,10.429629629629634,False
00012374_000.png,Nodule,denseblock4,143.4074074074075,56.17777777777769,18.014814814814823,17.540740740740745,False
00012374_000.png,Nodule,relu,143.4074074074075,56.17777777777769,18.014814814814823,17.540740740740745,False
00013751_003.png,Nodule,denseblock4,147.91111111111104,133.45185185185196,19.674074074074085,19.674074074074085,False
00013751_003.png,Nodule,relu,147.91111111111104,133.45185185185196,19.674074074074085,19.674074074074085,False
00014778_000.png,Nodule,denseblock4,51.91111111111122,72.7703703703703,11.377777777777775,10.666666666666675,False
00014778_000.png,Nodule,relu,51.91111111111122,72.7703703703703,11.377777777777775,10.666666666666675,False
00016587_069.png,Nodule,denseblock4,165.21481481481484,89.12592592592588,15.407407407407401,12.799999999999997,False
00016587_069.png,Nodule,relu,165.21481481481484,89.12592592592588,15.407407407407401,12.799999999999997,False
00017098_003.png,Nodule,denseblock4,65.6592592592593,62.34074074074066,12.799999999999997,16.829629629629622,False
00017098_003.png,Nodule,relu,65.6592592592593,62.34074074074066,12.799999999999997,16.829629629629622,False
00017243_010.png,Nodule,denseblock4,16.829629629629622,131.79259259259254,19.437037037037047,18.251851851851843,False
00017243_010.png,Nodule,relu,16.829629629629622,131.79259259259254,19.437037037037047,18.251851851851843,False
00017346_000.png,Nodule,denseblock4,191.0518518518518,134.63703703703706,6.162962962962968,7.348148148148151,False
00017346_000.png,Nodule,relu,191.0518518518518,134.63703703703706,6.162962962962968,7.348148148148151,False
00019058_004.png,Nodule,denseblock4,76.56296296296287,100.26666666666672,20.148148148148145,30.814814814814845,False
00019058_004.png,Nodule,relu,76.56296296296287,100.26666666666672,20.148148148148145,30.814814814814845,False
00020332_000.png,Nodule,denseblock4,50.25185185185178,136.29629629629628,16.35555555555556,13.985185185185179,False
00020332_000.png,Nodule,relu,50.25185185185178,136.29629629629628,16.35555555555556,13.985185185185179,False
00021420_014.png,Nodule,denseblock4,172.32592592592584,59.496296296296336,15.407407407407401,16.829629629629622,False
00021420_014.png,Nodule,relu,172.32592592592584,59.496296296296336,15.407407407407401,16.829629629629622,False
00022977_000.png,Nodule,denseblock4,52.85925925925925,140.56296296296298,14.459259259259259,13.985185185185179,False
00022977_000.png,Nodule,relu,52.85925925925925,140.56296296296298,14.459259259259259,13.985185185185179,False
00003028_006.png,Pneumonia,denseblock4,55.229629629629656,114.96296296296308,48.59259259259257,80.5925925925925,False
00003028_006.png,Pneumonia,relu,55.229629629629656,114.96296296296308,48.59259259259257,80.5925925925925,False
00003064_035.png,Pneumonia,denseblock4,117.84888888888894,122.27496473524303,61.22666666666659,56.24888888888894,False
00003064_035.png,Pneumonia,relu,117.84888888888894,122.27496473524303,61.22666666666659,56.24888888888894,False
00003528_024.png,Pneumonia,denseblock4,141.0370370370371,67.55555555555559,40.53333333333332,77.51111111111112,False
00003528_024.png,Pneumonia,relu,141.0370370370371,67.55555555555559,40.53333333333332,77.51111111111112,False
00004344_002.png,Pneumonia,denseblock4,55.70370370370378,65.42222222222225,37.45185185185194,85.80740740740744,False
00004344_002.png,Pneumonia,relu,55.70370370370378,65.42222222222225,37.45185185185194,85.80740740740744,False
00007735_018.png,Pneumonia,denseblock4,127.7629629629629,92.20740740740747,45.748148148148246,64.71111111111107,False
00007735_018.png,Pneumonia,relu,127.7629629629629,92.20740740740747,45.748148148148246,64.71111111111107,False
00008727_009.png,Pneumonia,denseblock4,45.03703703703706,151.94074074074067,51.91111111111122,47.17037037037041,False
00008727_009.png,Pneumonia,relu,45.03703703703706,151.94074074074067,51.91111111111122,47.17037037037041,False
00009107_006.png,Pneumonia,denseblock4,38.39999999999997,66.8444444444444,52.14814814814807,88.65185185185175,True
00009107_006.png,Pneumonia,relu,38.39999999999997,66.8444444444444,52.14814814814807,88.65185185185175,False
00010277_000.png,Pneumonia,denseblock4,140.49777777777788,92.65718695746537,57.99111111111106,48.782222222222124,False
00010277_000.png,Pneumonia,relu,140.49777777777788,92.65718695746537,57.99111111111106,48.782222222222124,False
00012021_081.png,Pneumonia,denseblock4,144.48000000000002,41.63496473524303,42.062222222222125,98.80888888888894,True
00012021_081.png,Pneumonia,relu,144.48000000000002,41.63496473524303,42.062222222222125,98.80888888888894,False
00012576_004.png,Pneumonia,denseblock4,42.68444444444447,101.8660758463541,59.23555555555553,60.977777777777874,False
00012576_004.png,Pneumonia,relu,42.68444444444447,101.8660758463541,59.23555555555553,60.977777777777874,False
00014294_011.png,Pneumonia,denseblock4,153.12592592592597,115.43703703703696,39.11111111111116,35.55555555555566,False
00014294_011.png,Pneumonia,relu,153.12592592592597,115.43703703703696,39.11111111111116,35.55555555555566,False
00017236_075.png,Pneumonia,denseblock4,8.770370370370372,95.28888888888885,67.55555555555559,80.1185185185186,False
00017236_075.png,Pneumonia,relu,8.770370370370372,95.28888888888885,67.55555555555559,80.1185185185186,False
00018063_000.png,Pneumonia,denseblock4,61.866666666666745,84.85925925925919,40.53333333333332,37.925925925925846,False
00018063_000.png,Pneumonia,relu,61.866666666666745,84.85925925925919,40.53333333333332,37.925925925925846,False
00021458_000.png,Pneumonia,denseblock4,139.00444444444446,108.08829806857644,40.071111111111065,35.34222222222213,False
00021458_000.png,Pneumonia,relu,139.00444444444446,108.08829806857644,40.071111111111065,35.34222222222213,False
00022178_000.png,Pneumonia,denseblock4,50.96296296296297,144.35555555555555,32.47407407407406,33.65925925925915,False
00022178_000.png,Pneumonia,relu,50.96296296296297,144.35555555555555,32.47407407407406,33.65925925925915,False
00022290_015.png,Pneumonia,denseblock4,44.42666666666659,45.86607584635409,53.51111111111106,116.72888888888893,False
00022290_015.png,Pneumonia,relu,44.42666666666659,45.86607584635409,53.51111111111106,116.72888888888893,False
00023089_004.png,Pneumonia,denseblock4,34.60740740740741,114.01481481481481,36.97777777777782,27.259259259259345,False
00023089_004.png,Pneumonia,relu,34.60740740740741,114.01481481481481,36.97777777777782,27.259259259259345,False
00027837_001.png,Pneumonia,denseblock4,45.748148148148246,74.42962962962953,47.17037037037041,82.25185185185194,True
00027837_001.png,Pneumonia,relu,45.748148148148246,74.42962962962953,47.17037037037041,82.25185185185194,False
00029808_003.png,Pneumonia,denseblock4,133.52888888888896,74.2394091796875,43.05777777777787,66.20444444444448,False
00029808_003.png,Pneumonia,relu,133.52888888888896,74.2394091796875,43.05777777777787,66.20444444444448,False
00029861_013.png,Pneumonia,denseblock4,44.17777777777788,35.16385362413197,132.16,115.98222222222212,False
00029861_013.png,Pneumonia,relu,44.17777777777788,35.16385362413197,132.16,115.98222222222212,False
00004342_050.png,Pneumothorax,denseblock4,40.53333333333332,78.93333333333328,29.866666666666593,92.44444444444453,True
00004342_050.png,Pneumothorax,relu,40.53333333333332,78.93333333333328,29.866666666666593,92.44444444444453,False
00008841_025.png,Pneumothorax,denseblock4,127.80444444444447,17.741631401909714,42.062222222222125,18.915555555555553,False
00008841_025.png,Pneumothorax,relu,127.80444444444447,17.741631401909714,42.062222222222125,18.915555555555553,False
00008841_044.png,Pneumothorax,denseblock4,32.237037037037,10.429629629629634,70.87407407407403,36.26666666666662,False
00008841_044.png,Pneumothorax,relu,32.237037037037,10.429629629629634,70.87407407407403,36.26666666666662,False
00010071_008.png,Pneumothorax,denseblock4,44.42666666666659,149.15496473524303,15.680000000000001,39.82222222222212,False
00010071_008.png,Pneumothorax,relu,44.42666666666659,149.15496473524303,15.680000000000001,39.82222222222212,False
00013209_018.png,Pneumothorax,denseblock4,41.68888888888894,26.95052029079856,62.471111111111064,51.27111111111106,False
00013209_018.png,Pneumothorax,relu,41.68888888888894,26.95052029079856,62.471111111111064,51.27111111111106,False
00014083_023.png,Pneumothorax,denseblock4,140.0,133.47496473524302,60.72888888888893,29.12,False
00014083_023.png,Pneumothorax,relu,140.0,133.47496473524302,60.72888888888893,29.12,False
00016429_015.png,Pneumothorax,denseblock4,32.23111111111106,20.479409179687497,83.12888888888894,124.44444444444447,True
00016429_015.png,Pneumothorax,relu,32.23111111111106,20.479409179687497,83.12888888888894,124.44444444444447,True
00016568_026.png,Pneumothorax,denseblock4,21.80740740740741,19.911111111111104,55.70370370370378,128.94814814814822,False
00016568_026.png,Pneumothorax,relu,21.80740740740741,19.911111111111104,55.70370370370378,128.94814814814822,False
00017243_010.png,Pneumothorax,denseblock4,4.740740740740747,63.76296296296303,27.259259259259345,123.49629629629622,False
00017243_010.png,Pneumothorax,relu,4.740740740740747,63.76296296296303,27.259259259259345,123.49629629629622,False
00017972_026.png,Pneumothorax,denseblock4,145.22666666666657,54.0794091796875,19.911111111111104,44.800000000000004,False
00017972_026.png,Pneumothorax,relu,145.22666666666657,54.0794091796875,19.911111111111104,44.800000000000004,False
00025252_032.png,Pneumothorax,denseblock4,165.38666666666657,149.15496473524303,44.053333333333406,53.01333333333341,False
00025252_032.png,Pneumothorax,relu,165.38666666666657,149.15496473524303,44.053333333333406,53.01333333333341,False
00025252_053.png,Pneumothorax,denseblock4,142.24,139.9460758463541,31.857777777777876,57.4933333333334,False
00025252_053.png,Pneumothorax,relu,142.24,139.9460758463541,31.857777777777876,57.4933333333334,False
00025252_054.png,Pneumothorax,denseblock4,144.23111111111106,157.61718695746538,31.608888888888938,49.28,False
00025252_054.png,Pneumothorax,relu,144.23111111111106,157.61718695746538,31.608888888888938,49.28,False
00025368_018.png,Pneumothorax,denseblock4,33.185185185185254,26.78518518518522,69.68888888888894,59.496296296296336,True
00025368_018.png,Pneumothorax,relu,33.185185185185254,26.78518518518522,69.68888888888894,59.496296296296336,True
00025368_033.png,Pneumothorax,denseblock4,166.1629629629631,61.155555555555566,43.377777777777844,42.429629629629595,False
00025368_033.png,Pneumothorax,relu,166.1629629629631,61.155555555555566,43.377777777777844,42.429629629629595,False
00025787_039.png,Pneumothorax,denseblock4,18.962962962962965,21.570370370370366,40.059259259259186,124.68148148148151,False
00025787_039.png,Pneumothorax,relu,18.962962962962965,21.570370370370366,40.059259259259186,124.68148148148151,False
00025787_050.png,Pneumothorax,denseblock4,133.77777777777789,39.39496473524303,11.94666666666666,55.00444444444447,False
00025787_050.png,Pneumothorax,relu,133.77777777777789,39.39496473524303,11.94666666666666,55.00444444444447,False
00026451_068.png,Pneumothorax,denseblock4,64.58666666666659,140.44385362413198,26.88,20.90666666666666,False
00026451_068.png,Pneumothorax,relu,64.58666666666659,140.44385362413198,26.88,20.90666666666666,False
00029579_014.png,Pneumothorax,denseblock4,22.27555555555553,113.81274251302091,7.964444444444448,27.128888888888937,False
00029579_014.png,Pneumothorax,relu,22.27555555555553,113.81274251302091,7.964444444444448,27.128888888888937,False
