classe,camada,n_imagens,acertos,taxa,ic_inf,ic_sup,taxa_centro
Atelectasis,denseblock4,22,6,0.2727272727272727,0.13150760211464035,0.48151734179678934,0.045454545454545456
Atelectasis,relu,22,5,0.22727272727272727,0.10123039921206697,0.4343995334816487,0.045454545454545456
Cardiomegaly,denseblock4,25,25,1.0,0.866807747239609,1.0,1.0
Cardiomegaly,relu,25,22,0.88,0.7004420590811532,0.9583318288209496,1.0
Effusion,denseblock4,20,6,0.3,0.14547724402157294,0.518972820052479,0.0
Effusion,relu,20,8,0.4,0.21880653127178018,0.6134185007652458,0.0
Infiltration,denseblock4,17,3,0.17647058823529413,0.06191126589146398,0.4102945877077837,0.11764705882352941
Infiltration,relu,17,3,0.17647058823529413,0.06191126589146398,0.4102945877077837,0.11764705882352941
Mass,denseblock4,17,2,0.11764705882352941,0.032879773465990136,0.3433635080603935,0.17647058823529413
Mass,relu,17,2,0.11764705882352941,0.032879773465990136,0.3433635080603935,0.17647058823529413
Nodule,denseblock4,13,0,0.0,0.0,0.22809537513180025,0.0
Nodule,relu,13,0,0.0,0.0,0.22809537513180025,0.0
Pneumonia,denseblock4,20,3,0.15,0.05236874548672649,0.36041886664286427,0.05
Pneumonia,relu,20,0,0.0,0.0,0.16112516018512965,0.05
Pneumothorax,denseblock4,19,3,0.15789473684210525,0.055204715953508426,0.3756547546451403,0.05263157894736842
Pneumothorax,relu,19,2,0.10526315789473684,0.029358560033196812,0.31394082911909027,0.05263157894736842
