classe,classe_pt,n,pct,pct_ap
Atelectasis,Atelectasia,11559,10.309489832322512,50.44554027164979
Cardiomegaly,Cardiomegalia,2776,2.4759186585800927,43.695965417867434
Effusion,Efusão pleural,13317,11.877452729218694,50.52188931441015
Infiltration,Infiltração,19894,17.743489118801286,52.985824871820654
Mass,Massa,5782,5.1569746699964325,38.30854375648565
Nodule,Nódulo,6331,5.646628612201213,34.02306112778392
Pneumonia,Pneumonia,1431,1.2763110952550838,55.9748427672956
Pneumothorax,Pneumotórax,5302,4.728861933642526,35.74122972463221
Consolidation,Consolidação,4667,4.16250445950767,67.40947075208913
Edema,Edema,2303,2.054049232964681,88.01563178462874
Emphysema,Enfisema,2516,2.244024259721727,40.42130365659777
Fibrosis,Fibrose,1686,1.5037459864430966,16.488730723606167
Pleural_Thickening,Espessamento pleural,3385,3.0190866928291116,28.567208271787297
Hernia,Hérnia,227,0.20246164823403495,15.418502202643172
No Finding,Sem achados,60361,53.83606849803782,34.88842133165455
