classe,n_treino,pct_treino,n_val,pct_val,n_teste,pct_teste,n_total,pct_total
Imagens,71255,63.552,15269,13.618,25596,22.829,112120,100.0
Pacientes,23031,74.764,4977,16.156,2797,9.08,30805,100.0
Atelectasis,6772,9.504,1508,9.876,3279,12.811,11559,10.309
Cardiomegaly,1442,2.024,265,1.736,1069,4.176,2776,2.476
Effusion,7152,10.037,1507,9.87,4658,18.198,13317,11.877
Infiltration,11339,15.913,2443,16.0,6112,23.879,19894,17.743
Mass,3291,4.619,743,4.866,1748,6.829,5782,5.157
Nodule,3799,5.332,909,5.953,1623,6.341,6331,5.647
Pneumonia,724,1.016,152,0.995,555,2.168,1431,1.276
Pneumothorax,2199,3.086,438,2.869,2665,10.412,5302,4.729
Consolidation,2320,3.256,532,3.484,1815,7.091,4667,4.163
Edema,1128,1.583,250,1.637,925,3.614,2303,2.054
Emphysema,1174,1.648,249,1.631,1093,4.27,2516,2.244
Fibrosis,1064,1.493,187,1.225,435,1.699,1686,1.504
Pleural_Thickening,1876,2.633,366,2.397,1143,4.466,3385,3.019
Hernia,110,0.154,31,0.203,86,0.336,227,0.202
No Finding,41550,58.312,8950,58.615,9861,38.526,60361,53.836
