classe,wang_2017,chexnet_2017,este_trabalho,ic_inf,ic_sup
Atelectasis,0.716,0.8094,0.812608332453501,0.7978850612508835,0.825418626044421
Cardiomegaly,0.807,0.9248,0.9165532762587812,0.8966565728832255,0.9332605332075157
Effusion,0.784,0.8638,0.8813913757611243,0.8702499847801353,0.892161001724851
Infiltration,0.609,0.7345,0.7158937261599538,0.7008325819594519,0.7294770061485699
Mass,0.706,0.8676,0.8458708672591916,0.8267113090292788,0.8649047245447996
Nodule,0.671,0.7802,0.7895190471137521,0.7700355491750119,0.8091730010159531
Pneumonia,0.633,0.768,0.7573422918490486,0.7227088690942396,0.7918325257735005
Pneumothorax,0.806,0.8887,0.8809683373900545,0.8562122129507272,0.9007326364104187
Consolidation,0.708,0.7901,0.7767163011019896,0.7570661727014927,0.7946384573773229
Edema,0.835,0.8878,0.8951963293668516,0.8781408355503006,0.9117160353789281
Emphysema,0.815,0.9371,0.9151398336655662,0.8943726175518206,0.9324039650816297
Fibrosis,0.769,0.8047,0.8096952858560473,0.7759377410515679,0.8378822802089864
Pleural_Thickening,0.708,0.8062,0.7815256117123245,0.7566467049118225,0.803209754670831
Hernia,0.767,0.9164,0.9396468126371663,0.885364764113609,0.9757456071964458
