epoch,lr,train_loss,val_loss,val_auc_mean,val_auc_Atelectasis,val_auc_Cardiomegaly,val_auc_Effusion,val_auc_Infiltration,val_auc_Mass,val_auc_Nodule,val_auc_Pneumonia,val_auc_Pneumothorax,val_auc_Consolidation,val_auc_Edema,val_auc_Emphysema,val_auc_Fibrosis,val_auc_Pleural_Thickening,val_auc_Hernia,epoch_time_s,train_img_per_s,is_best
1,0.0001,0.14962653388358713,0.13675448608598303,0.8056236754145817,0.8052052209209242,0.8731997253562572,0.8889088964959049,0.6924687490405764,0.8217040720968333,0.747648476546819,0.7651173913648976,0.8323006943681152,0.7865002466810305,0.9020324921765763,0.8386758752720603,0.7761047095840422,0.7677023623438858,0.7811625435562198,412.4,193.9,True
2,0.0001,0.13534136584713352,0.1340011765566671,0.8271955094639136,0.8090522759029333,0.8874695049873493,0.9012253238218739,0.6963831015323395,0.8382650851705273,0.7685894076872868,0.7753707485124799,0.8582486732559746,0.8041665114812545,0.9065786004394434,0.8804474890240055,0.8142858257213508,0.7911262411316312,0.8495283438263425,336.3,229.0,True
3,0.0001,0.13189121048522912,0.13259636463432853,0.8314325300964984,0.8234900625436473,0.8953665186139043,0.8950986806037262,0.6964853709006323,0.8434409808448544,0.7730873714112358,0.777283243333577,0.8703462357785079,0.8058288661192916,0.911992010120514,0.8983989219193685,0.8194889328710713,0.795386761531492,0.8343614647591547,336.2,229.1,True
4,0.0001,0.12938432774454425,0.13262384224674995,0.8299756064682252,0.8178125693320434,0.9026478473664884,0.8963725643263183,0.704465652843031,0.8504001920536416,0.7741767944203891,0.7703496064033869,0.8575170667142038,0.808963271311889,0.910560756375258,0.894383526115113,0.8119765247662156,0.7958277737016312,0.8242043448255423,336.4,228.9,False
5,0.0001,0.12742214362150026,0.13123274914399682,0.8391063109624133,0.8312539262055512,0.883267229367766,0.9008832684791132,0.709592605048625,0.8570312220589655,0.7845190542731153,0.7742990637936377,0.871311679319111,0.8082877045705122,0.9157326053665357,0.9058988283359805,0.8141014503955915,0.7927401385058717,0.8985695777534094,336.4,228.9,True
6,0.0001,0.12509997927776997,0.1309250270666874,0.8393539252243966,0.8302135479944956,0.8960703560811456,0.8946138771862202,0.7088291990806895,0.8608457957875321,0.76606601119722,0.7766926743331837,0.8715689154119672,0.8130066591123258,0.916319062520807,0.9067715602757234,0.8149742193655077,0.8003489047021376,0.8946341700925954,336.4,229.0,True
7,0.0001,0.1228493422610694,0.13225582451832552,0.8352490771766237,0.8279990668665935,0.8999544775481255,0.8994217220282966,0.7034329859419431,0.8554216794909355,0.7761516297869341,0.7805720642149131,0.8736075614788105,0.8014165409452245,0.9216812038085093,0.8998191166797683,0.7920838453885249,0.8011579617409338,0.860767224553218,336.3,229.1,False
8,0.0001,0.12039966493579397,0.13212414463639563,0.8381854112731945,0.8310551703320247,0.9069758756155591,0.8969633740408444,0.7073145624495475,0.8565944964512512,0.7827262809846445,0.792453729332261,0.8698118281804526,0.8127729243717287,0.9176252746521073,0.8847166295006925,0.8043382450447358,0.8016514077005803,0.8695959591682932,336.5,228.9,False
9,1e-05,0.1126414922637008,0.13138658220137617,0.8395782591589844,0.8330569930359064,0.9080531983923784,0.8983147433760409,0.7102328218258566,0.8619318420823922,0.7913744786734941,0.7696619873756628,0.8659945430849674,0.8079474658689881,0.9172308409348159,0.9004360985887625,0.8074024211316816,0.8039265941613692,0.8785315996934658,336.2,229.1,True
10,1e-05,0.10990356076985826,0.13295242236619131,0.8357973581117254,0.8294506907134047,0.902440858538352,0.8946976069723358,0.708831943710327,0.8576406087826182,0.7850714075585832,0.7610293221643114,0.8621139111000684,0.8047198856542863,0.9163025501032026,0.897301322466965,0.8090759817808812,0.8003104043671847,0.8721765196516349,336.2,229.1,False
11,1e-05,0.10780509235097537,0.13392979232585223,0.8344201386580667,0.8290255184326134,0.9030371775073817,0.8956401155408366,0.7063635163658755,0.8582395255808075,0.7866509004660912,0.7541559606995262,0.86055594707987,0.804519568922986,0.9156080964112124,0.8947038486836828,0.8011863133940874,0.798702190375723,0.8734932617522407,336.4,229.0,False
12,1.0000000000000002e-06,0.10589596097422987,0.13397543378331914,0.8338616462134268,0.8292741259126771,0.9032313395673104,0.8947371212595352,0.7071303052494106,0.8569929558712099,0.7865966993635297,0.75278398665845,0.858234741558546,0.8031640987520031,0.9158710966109594,0.8918928710848721,0.8008929084285762,0.7981459522031175,0.8751148444677779,336.4,229.0,False
13,1.0000000000000002e-06,0.10573437006613572,0.1341762913726341,0.8338331930539368,0.8292349481880615,0.9017726090652556,0.8951914511816049,0.7063106024596094,0.8574640561899589,0.7860262279709865,0.7535943326265654,0.8577753803969164,0.8024385963211619,0.9162158599107797,0.8930758988015979,0.8012730052539877,0.7982107611002882,0.8750809732883411,336.1,229.2,False
14,1.0000000000000002e-07,0.10525492180373307,0.13388023348983233,0.8337799210274952,0.8292582476097733,0.9013655478036046,0.8947713075067888,0.7072683186315863,0.856537050842514,0.7852487964673904,0.7508083875594921,0.8589432568891089,0.8022999498474761,0.9161512750516013,0.8928297744907727,0.8041347230505324,0.797491996513703,0.8758102621205899,336.3,229.0,False
